,ProductImg,Product Brand,Product Model,Tag
0,"https://images-na.ssl-images-amazon.com/images/I/71vvXGmdKWL._AC_UL200_SR200,200_.jpg",Acer,"Acer Aspire 5 Slim - visualizacion IPS Full HD de 15,6 Pulgadas, AMD Ryzen 5 3500U, Vega 8 Graphics, 8GB DDR4, 256 GB ",1
1,"https://images-na.ssl-images-amazon.com/images/I/61vIVmO7OHL._AC_UL200_SR200,200_.jpg",Lenovo,"Lenovo Laptop IP 3-14IIL Intel Ci5, RAM 12GB, SDD 256GB, Windows 10, Azul ",1
2,"https://images-na.ssl-images-amazon.com/images/I/7132lTn3fOL._AC_UL200_SR200,200_.jpg",Asus,"Asus Laptop Gamer TUF 15.6"", GeForce GTX 1650, Ryzen 7 , 8GB RAM, 256 GB SSD, FX505DT-BQ155T ",1
3,"https://images-na.ssl-images-amazon.com/images/I/51dOURE3uLL._AC_UL200_SR200,200_.jpg",HUAWEI,"HUAWEI Matebook 13 2020 - Computadora portatil Ultra Delgada 13"", Intel Core i5-10210U, Windows 10, 512 GB SSD + 8 GB ",1
5,"https://images-na.ssl-images-amazon.com/images/I/61VKlb8hKyL._AC_UL85_SR85,85_.jpg",Dell,"Dell Laptop Inspiron 3505 AMD Athlon Silver, 8GB RAM, 256GB SSD, Win 10 - Plata. ",1
6,"https://images-na.ssl-images-amazon.com/images/I/61oQOVvXg7L._AC_UL85_SR85,85_.jpg",Dell,Dell Gaming G3 15 3500 Intel Core I5 8Gb 256Gb Blanco ,1
10,"https://images-na.ssl-images-amazon.com/images/I/616lp68ZrQL._AC_UL200_SR200,200_.jpg",Dell,"Dell Inspiron 5391 13"" Core i7 10a. Gen., 8GB RAM, 512 SSD, Windows 10. Incluye Monitor de 20"" ",1
11,"https://images-na.ssl-images-amazon.com/images/I/71vvXGmdKWL._AC_UL200_SR200,200_.jpg",Acer,"Acer Aspire 5 Slim - visualizacion IPS Full HD de 15,6 Pulgadas, AMD Ryzen 7 3700U, RX Vega 10 graficos, 8GB DDR4, 512 ",1
12,"https://images-na.ssl-images-amazon.com/images/I/51jeoMkZiKL._AC_UL200_SR200,200_.jpg",Lenovo,"2020 Lenovo IdeaPad Laptop ComputerAMD A6-9220e 1.6GHz 4GB Memory 64GB eMMC Flash Memory 14"" AMD Radeon R4 AC WiFi ",1
13,"https://images-na.ssl-images-amazon.com/images/I/51dOURE3uLL._AC_UL200_SR200,200_.jpg",Huawei,"Huawei Matebook 13 2020 -Laptop 13"" Procesador Amd Ryzen 5 3500U, Windows 10, Memoria De 256 Gb Rom + 8 Gb Ram, Gpu ",1
14,"https://images-na.ssl-images-amazon.com/images/I/61c1UTa9fwL._AC_UL200_SR200,200_.jpg",Acer,"Acer Aspire 5 A515-44-R2SA, 15.6"", Full HD, AMD Ryzen 7 4700U Octa-Core Procesador movil con Radeon Graphics, 8GB DDR4 ",1
15,"https://images-na.ssl-images-amazon.com/images/I/51RP5cuwFXL._AC_UL200_SR200,200_.jpg",HP,"HP COMHPI970 Laptop - 14"", Intel Celeron, N4000, 4 GB, Windows 10 Home, 500 GB ",1
17,"https://images-na.ssl-images-amazon.com/images/I/81Y6WZhCuDL._AC_UL200_SR200,200_.jpg",HP,"HP Laptop 14 pulgadas, Ryzen 3 3200U hasta 3,5 GHz, AMD Radeon Vega 3 Graphics, 4GB SDRAM, SSD de 128 GB, WiFi, camara ",1
18,"https://images-na.ssl-images-amazon.com/images/I/611KJn0s%2BKL._AC_UL200_SR200,200_.jpg",Dell,"Dell Laptop G3 15.6"" Core i5 10a. Gen. 8GB RAM, 256 SSD, NVIDIA GEFORCE GTX 1650, Windows 10 - Blanco. ",1
19,"https://images-na.ssl-images-amazon.com/images/I/61%2BLliKJpyL._AC_UL200_SR200,200_.jpg",Huawei,"Huawei MateBook D 15"" - AMD Ryzen, Windows 10 - 8+256 GB,15.6 pulgadas, Color Plateado (Mystic Silver) ",1
21,"https://images-na.ssl-images-amazon.com/images/I/712QuIJM7KL._AC_UL200_SR200,200_.jpg",LAPTOP,"LAPTOP GAMING MSI GF63 Thin 10SCSR-610MX 15.6"" FHD, IPS, NVIDIA GEFORCE GTX1650TI MAX-Q 4GB, INTEL CORE i5-10300H, RAM ",1
22,"https://images-na.ssl-images-amazon.com/images/I/71vvXGmdKWL._AC_UL200_SR200,200_.jpg",Acer,"Acer Aspire 5 Slim Laptop 15.6"" Full HD IPS visualizacion, AMD Ryzen 3 3200U, Vega 3 Graphics, 4 GB DDR4, 128 GB SSD ",1
23,"https://images-na.ssl-images-amazon.com/images/I/71sRJdOEUEL._AC_UL200_SR200,200_.jpg",Dell,"Dell Laptop G5 Core i7 10a. Gen,16 GB RAM, 512SSD, NVIDIA GEFORCE GTX 1660 Ti, Win 10 - Negro ",1
24,"https://images-na.ssl-images-amazon.com/images/I/719Xp9IGIVL._AC_UL200_SR200,200_.jpg",Lenovo,"Lenovo IdeaPad 3 2020 - visualizacion tactil HD de 15 Pulgadas, Intel 10 generacion Dual-Core i3-1005G1 CPU, 8GB DDR4 ",1
25,"https://images-na.ssl-images-amazon.com/images/I/61UVAs3Qk-L._AC_UL200_SR200,200_.jpg",Samsung,Samsung Chromebook 4 Chrome OS 11.6 Pulgadas HD Intel Celeron Processor N4000 4GB RAM 32GB eMMC Gigabit Wi-Fi - XE310XBA ,1
26,"https://images-na.ssl-images-amazon.com/images/I/81M%2BO6xJ0UL._AC_UL200_SR200,200_.jpg",HP,"HP Pavilion Laptop, Pantalla de 15"" FHD, Procesador AMD Ryzen 7 3700U(2a), 16GB RAM, 1TB+128GB SSD, Sistema operativo ",1
27,"https://images-na.ssl-images-amazon.com/images/I/71QOu1OVbdL._AC_UL200_SR200,200_.jpg",Acer,"Acer Aspire 5, 15.6"" Full HD IPS Display, AMD Ryzen 3 3200U, Vega 3 Graphics, 4GB DDR4, 128GB SSD, retroiluminado ",1
28,"https://images-na.ssl-images-amazon.com/images/I/31lliPCo43L._AC_UL200_SR200,200_.jpg",Lenovo,"Lenovo Laptop IdeaPad L340-15API 15.6"", AMD RYZEN 5, RAM 8GB,2TB HDD Abyss Blue ",1
29,"https://images-na.ssl-images-amazon.com/images/I/717ywJDnAHL._AC_UL200_SR200,200_.jpg",HP,"HP Pavilion Intel Pentium Gold 4417U 4 GB 500 GB 15.6-inch DVD Windows 10 Laptop, Blanco crudo, 15-15.99 inches (Renewed ",1
30,"https://images-na.ssl-images-amazon.com/images/I/61u9YxmwMCL._AC_UL200_SR200,200_.jpg",Huawei,"Huawei Matebook D 14"", Amd Ryzen, Windows 10, Ssd 512 Gb 8Gb Ram, Color Plateado (Mystic Silver) ",1
31,"https://images-na.ssl-images-amazon.com/images/I/61gyGLERUKL._AC_UL200_SR200,200_.jpg",PortÃ¡til,"Portatil Dell Latitude E7470 de 14 pulgadas, Core i5-6300U 2,4 GHz, 8GB de RAM, 256 GB SSD, Windows 10 Pro 64 bits ",1
32,"https://images-na.ssl-images-amazon.com/images/I/61oWaXNhd1L._AC_UL200_SR200,200_.jpg",Huawei,"Huawei MateBook D 15"" AMD Ryzen 5, Windows 10,512GB SSD, 8GB RAM,15.6 Pulgadas, Color Gris ",1
33,"https://images-na.ssl-images-amazon.com/images/I/61bm32Q4E8L._AC_UL200_SR200,200_.jpg",Acer,"Acer Aspire 3 Core I3-1005G1; Pantalla 15.6"" HD; 8 GB RAM; 1 TB HDD ",1
34,"https://images-na.ssl-images-amazon.com/images/I/71SZpMT7k3L._AC_UL200_SR200,200_.jpg",HP,"HP visualizacion Insignia Chromebook, 11,6"" HD (1366 x 768), procesador Intel Celeron N3350, 4GB LPDDR2, 32GB eMMC ",1
35,"https://images-na.ssl-images-amazon.com/images/I/81p0gzNy7AL._AC_UL200_SR200,200_.jpg",Lenovo,"Lenovo ideapad S145 pantalla 15.6 pulgadas, laptop IPS, procesador Intel Core 10 generacion i3-1005G1 de doble nucleo ",1
36,"https://images-na.ssl-images-amazon.com/images/I/716sLNiFKWL._AC_UL200_SR200,200_.jpg",Notebook,"Notebook IdeaPad S340-15IIL Ci5, 12 GB, 1 TB DD ",1
37,"https://images-na.ssl-images-amazon.com/images/I/71Qr5HOVCzL._AC_UL200_SR200,200_.jpg",Dell,Dell Gaming G3 15 3500 Intel Core I5 8Gb 256Gb Negro ,1
38,"https://images-na.ssl-images-amazon.com/images/I/81ogtKnKZXL._AC_UL200_SR200,200_.jpg",Lenovo,"Lenovo Flex 5 14"" FHD IPS tactil Premium 2 en 1, AMD 4th Gen Ryzen 5 4500U, 16GB RAM, 512 GB PCIe SSD, teclado ",1
39,"https://images-na.ssl-images-amazon.com/images/I/61%2BLliKJpyL._AC_UL200_SR200,200_.jpg",Huawei,"Huawei MateBook D 15"" - AMD Ryzen, Windows 10-1TB+256 GB, 8GB RAM,15.6 Pulgadas, Color Plateado (Mystic Silver) ",1
40,"https://images-na.ssl-images-amazon.com/images/I/71Vw3ExhsQL._AC_UL200_SR200,200_.jpg",Asus,"Asus VivoBook S13 Portatil Delgado y Ligero, 33 cm., Indie Negro, 13-13.99 Inches ",1
41,"https://images-na.ssl-images-amazon.com/images/I/61ViOMIUhmL._AC_UL200_SR200,200_.jpg",Lenovo,"Lenovo Chromebook S330 Laptop, Pantalla FHD de 14 Pulgadas (1920 x 1080), procesador MediaTek MT8173C, 4GB LPDDR3, 64GB ",1
42,"https://images-na.ssl-images-amazon.com/images/I/61dJ7TgwcXL._AC_UL200_SR200,200_.jpg",Dell,"Dell Laptop Inspiron 3585, AMD Ryzen 5, 8GB RAM, 512GB SSD, Win 10 - Plata. ",1
43,"https://images-na.ssl-images-amazon.com/images/I/810R8jfOCqL._AC_UL200_SR200,200_.jpg",Asus,"Asus Chromebook Laptop- 14 Pulgadas HD 180 Grados NanoEdge, procesador Intel Dual Core Celeron N3350, 4 GB RAM, 32 GB de ",1
44,"https://images-na.ssl-images-amazon.com/images/I/712QuIJM7KL._AC_UL200_SR200,200_.jpg",LAPTOP,"LAPTOP GAMING MSI GF63 Thin 10SCSR-456MX 15.6"" FHD, IPS, NVIDIA GEFORCE GTX1650 TI MAX-Q 4GB, INTEL CORE i7-10750H, RAM ",1
45,"https://images-na.ssl-images-amazon.com/images/I/71iPHl2UQlL._AC_UL200_SR200,200_.jpg",Dell,"Dell Laptop Gaming G3 3500, Core i7 10a. Gen.,16GB RAM, 256GB SSD, NVIDIA GTX 1650 Ti, Win 10 - Negro. ",1
46,"https://images-na.ssl-images-amazon.com/images/I/81egAUg2YXL._AC_UL200_SR200,200_.jpg",HP,"HP 14-cf3021la, Windows 10, Intel Core I5, 8GB RAM ",1
47,"https://images-na.ssl-images-amazon.com/images/I/71-PjLUeO%2BL._AC_UL200_SR200,200_.jpg",Asus,"Asus Vivobook S15 S512 Delgado y Ligero, i7 | 256 G SSD + 1T HDD | GeForce MX250, 15-15.99 Inches ",1
48,"https://images-na.ssl-images-amazon.com/images/I/71Ni0lpcziL._AC_UL200_SR200,200_.jpg",Apple,"Apple MacBook Pro (de 16 pulgadas, Touch Bar, Procesador Intel Core i7 de 6 nucleos y 2.6 GHz, 16 GB RAM, 512 GB) - Gris ",1
49,"https://images-na.ssl-images-amazon.com/images/I/51u5n--kWWL._AC_UL200_SR200,200_.jpg",Asus,"Asus Laptop VivoBook S, 15"", Core i7 10a Gen, 12GB RAM, 512GB SSD, ScreenPad 2.0, Plata, S532FA-BN160T ",1
50,"https://images-na.ssl-images-amazon.com/images/I/71FrQxHnBQL._AC_UL200_SR200,200_.jpg",Asus,"Asus VivoBook S15 S533 Portatil Delgado y Ligero, Indie Negro, 15-15.99 Inches ",1
51,"https://images-na.ssl-images-amazon.com/images/I/71V4812suvL._AC_UL200_SR200,200_.jpg",HP,"HP 2020 Newest Pavilion X360 2 en 1 convertible portatil de visualizacion tactil HD de 14"", 10 generacion Intel Core i3 ",1
52,"https://images-na.ssl-images-amazon.com/images/I/71sRJdOEUEL._AC_UL200_SR200,200_.jpg",Dell,Dell Gaming G5 15 5500 Intel Core i7 16GB 512GB ,1
53,"https://images-na.ssl-images-amazon.com/images/I/71dqjxW8g5L._AC_UL200_SR200,200_.jpg",Lenovo,"Lenovo IdeaPad 3 portatil de 14"", visualizacion FHD 1920 x 1080, procesador AMD Ryzen 5 3500U, 8 GB DDR4 RAM, 256 GB SSD ",1
54,"https://images-na.ssl-images-amazon.com/images/I/81DkONvgRVL._AC_UL200_SR200,200_.jpg",Asus,"Asus ZenBook 14 Ultra-Slim Laptop 14"" Full HD NanoEdge Bezel, Intel Core i5-1035G1, 8GB RAM, 512GB PCIe SSD, NumberPad ",1
55,"https://images-na.ssl-images-amazon.com/images/I/61uJhCwcL6L._AC_UL200_SR200,200_.jpg",Asus,"Asus Rog Strix G15 Electro, 15"", Geforce Gtx 1650 Ti With Rog Boost Intel, Core I5 10A Gen, 16Gb Ram, 512 Ssd, G512Li ",1
56,"https://images-na.ssl-images-amazon.com/images/I/71pfbzHCxVL._AC_UL200_SR200,200_.jpg",XPG,"XPG XENIA Notebook-Laptop Gaming de 15.6 NVIDIA GEFORCE GTX 1660Ti Intel Core I7-9750H, RAM 32 GB XPG DDR4 2666Mhz, SSD ",1
57,"https://images-na.ssl-images-amazon.com/images/I/81lcaEKo3hL._AC_UL200_SR200,200_.jpg",HP,"HP Laptop, Pantalla de 13.3, Procesador Intel Core i5-1035G1 10 generacion a 3.6 GHz, 8 GB RAM, 256 GB SSD +16 GB ",1
58,"https://images-na.ssl-images-amazon.com/images/I/714fEqLQJCL._AC_UL200_SR200,200_.jpg",Dell,"Dell Latitude 5480 14 pulgadas, Core i5-6200U 2,3 GHz, 8 GB Ram, 256 GB SSD, Windows 10 Pro 64 bits (Renewed) ",1
65,"https://images-na.ssl-images-amazon.com/images/I/8133cgtdGnL._AC_UL200_SR200,200_.jpg",HP,"HP Laptop de 15,6 pulgadas (AMD Quad-Core Ryzen 5 3500U, 8GB RAM, 256 GB SSD, HDMI, WiFi, Bluetooth, camara web HD ",1
66,"https://images-na.ssl-images-amazon.com/images/I/81TxlKTdzwL._AC_UL200_SR200,200_.jpg",Apple,"Apple MacBook Air (de 13 pulgadas, Procesador Intel Core i3 de doble nucleo y 1.1 GHz de decima generacion, 8 GB RAM ",1
67,"https://images-na.ssl-images-amazon.com/images/I/A1A2yQlAXCL._AC_UL200_SR200,200_.jpg",Asus,"Asus TUF Gaming A15 Laptop para Videojuegos, 15.6 Pulgadas, 144 Hz Full HD IPS, AMD Ryzen 5 4600H, GeForce GTX 1650, 8 ",1
68,"https://images-na.ssl-images-amazon.com/images/I/61dqNELHRqL._AC_UL200_SR200,200_.jpg",HUAWEI,"HUAWEI Matebook D 14 R7 - Laptop 14"", AMD Ryzen 7 3700U, Windows 10, 512 GB ROM + 8 GB RAM, GPU Radeon RX Vega 10 ",1
69,"https://images-na.ssl-images-amazon.com/images/I/81Vtd8etZtL._AC_UL200_SR200,200_.jpg",Lenovo,"Lenovo Thinkpad X131e Chromebook de 11.6 pulgadas LED Intel Celeron Dual Core 1,50 gHz modelo 628323u (Renewed) ",1
70,"https://images-na.ssl-images-amazon.com/images/I/71UQxg0JFCL._AC_UL200_SR200,200_.jpg",Lenovo,"Lenovo IdeaPad 3 Laptop de 14 pulgadas, FHD de 14 pulgadas (1920 x 1080) AMD Ryzen 5 3500U 8GB DDR4 RAM, 256GB SSD, AMD ",1
71,"https://images-na.ssl-images-amazon.com/images/I/71vLhUMKEUL._AC_UL200_SR200,200_.jpg",Dell,Dell Gaming G5 15 5505 AMD Ryzen 7 16GB 512GB ,1
72,"https://images-na.ssl-images-amazon.com/images/I/51pPm%2B3%2BAbL._AC_UL200_SR200,200_.jpg",Huawei,"Huawei Matebook 13 2020 -Laptop 13"" Procesador Amd Ryzen 5 3500U, Windows 10, Memoria De 512 Gb Rom + 8 Gb Ram, Gpu ",1
73,"https://images-na.ssl-images-amazon.com/images/I/816sFhBGmKL._AC_UL200_SR200,200_.jpg",Lenovo,2020 Lenovo IdeaPad 3 15.6 pulgadas Laptop Intel Core i3-1005G1 8GB RAM 256GB SSD Windows 10 pulgadas Modo S Azul ,1
74,"https://images-na.ssl-images-amazon.com/images/I/71kMPSNqHbL._AC_UL200_SR200,200_.jpg",ASUS,"ASUS VivoBook 15 S513 Portatil delgado y ligero, visualizacion FHD de 15,6 pulgadas, procesador AMD Ryzen 7 4700U, 8 GB ",1
75,"https://images-na.ssl-images-amazon.com/images/I/61EbQiofbGL._AC_UL200_SR200,200_.jpg",HP,"HP Pavilion portatil FHD de 15,6"", procesador Intel Quad-Core i5 de 8 GB, memoria DDR4 WiFi, Bluetooth, Windows 10 Home ",1
76,"https://images-na.ssl-images-amazon.com/images/I/81TM5CgvlQL._AC_UL200_SR200,200_.jpg",Asus,"Asus Chromebook C523 visualizacion HD NanoEdge de 15,6"" con bisagra de 180 Grados procesador Intel Dual Core Celeron ",1
77,"https://images-na.ssl-images-amazon.com/images/I/717ywJDnAHL._AC_UL200_SR200,200_.jpg",HP,"2020 HP 15.6 pulgadas HD LED visualizacion portatil Intel Pentium Gold 6405U procesador 4GB DDR4 RAM, 128 GB SSD, HDMI ",1
78,"https://images-na.ssl-images-amazon.com/images/I/71Np91bqLhL._AC_UL200_SR200,200_.jpg",HP,"2020 HP portatil de 14 pulgadas, procesador Intel Celeron N4000 de hasta 2,6 GHz, 4 GB de RAM DDR4, 64 GB SSD, Intel UHD ",1
79,"https://images-na.ssl-images-amazon.com/images/I/51tJRvYuuZL._AC_UL200_SR200,200_.jpg",Laptop,"Laptop Asus Vivobook S, 15"", Core I5 10A Gen, 8Gb Ram, 1Tb Ssd, White, S533Fa-Bq127T ",1
80,"https://images-na.ssl-images-amazon.com/images/I/618GEuHt8ML._AC_UL200_SR200,200_.jpg",Acer,"Acer Swift 3 Laptop delgada y ligera, 14 pulgadas Full HD IPS, AMD Ryzen 5 4500U Hexa-Core Procesador con Radeon ",1
81,"https://images-na.ssl-images-amazon.com/images/I/71Qr5HOVCzL._AC_UL200_SR200,200_.jpg",Dell,"Dell Laptop G3 15.6"" Core i5 10a. Gen. 8GB RAM, 1TB DD + 256 SSD, NVIDIA GEFORCE GTX 1650 Ti, Windows 10 - Negro. ",1
82,"https://images-na.ssl-images-amazon.com/images/I/71-mNJLIR5L._AC_UL200_SR200,200_.jpg",HP,"HP Pavilion Gaming 15, NVIDIA GeForce GTX 1650, AMD Ryzen 5 4600H, 8GB DDR4 RAM, 512 GB SSD PCIe NVMe, 15.6"" Full HD ",1
83,"https://images-na.ssl-images-amazon.com/images/I/81xIwnpo67L._AC_UL200_SR200,200_.jpg",Apple,"Apple MacBook Air (de 13 pulgadas, Procesador Intel Core i5 de 4 nucleos y 1.1 GHz de decima generacion, 8 GB RAM, 512 ",1
84,"https://images-na.ssl-images-amazon.com/images/I/81gPkYDehqL._AC_UL200_SR200,200_.jpg",Newest,"Newest HP 14"" HD Premium Business Laptop PC | 10th Gen Intel Quad-Core i5-1035G1 up to 3.6GHz | 8GB RAM | 256GB SSD ",1
85,"https://images-na.ssl-images-amazon.com/images/I/71GjONcpjUL._AC_UL200_SR200,200_.jpg",HP,"HP portatil FHD de 15 pulgadas, 10 generacion Intel Core i5-1035G1, 8 GB RAM, 256 GB unidad de estado solido, Windows 10 ",1
86,"https://images-na.ssl-images-amazon.com/images/I/61HPOmkFl1L._AC_UL200_SR200,200_.jpg",Dell,"Dell Laptop Inspiron 14"" 3493, Core i5 10a. Gen., 8GB RAM, 256GB SSD, Win 10 - Plata. ",1
87,"https://images-na.ssl-images-amazon.com/images/I/81UqUntkz6L._AC_UL200_SR200,200_.jpg",ASUS,"ASUS Laptop L406 portatil delgado y ligero, visualizacion HD de 14 pulgadas, procesador Intel Celeron N4000, 4 GB de RAM ",1
88,"https://images-na.ssl-images-amazon.com/images/I/71aYaZp-spL._AC_UL200_SR200,200_.jpg",HP,"HP Stream Laptop de 14 pulgadas, Intel Celeron N4000, 4 GB RAM, 64 GB eMMC, Windows 10 Home en modo S (14-cb159nr, Jet ",1
89,"https://images-na.ssl-images-amazon.com/images/I/41eVdbpbn8L._AC_UL200_SR200,200_.jpg",HP,"HP EliteBook 840 G4 14 pulgadas HD Laptop, Core i5-7300U 2.6GHz, 16GB RAM, 256GB Unidad de estado solido, Webcam ",1
90,"https://images-na.ssl-images-amazon.com/images/I/71k45hZkLmL._AC_UL200_SR200,200_.jpg",Acer,"Acer Predator Helios 300 Gaming Laptop, Intel i7-10750H, NVIDIA GeForce RTX 2060 6GB, 15.6"" Full HD 144Hz 3ms IPS ",1
91,"https://images-na.ssl-images-amazon.com/images/I/51bTeBj1J3L._AC_UL200_SR200,200_.jpg",HUAWEI,"HUAWEI Matebook X Pro 2020 i5 - Laptop de 13.9"" de Decima Generacion Intel Core i5-10210U, Windows 10 Home, Memoria de ",1
92,"https://images-na.ssl-images-amazon.com/images/I/51BMiPWtYeL._AC_UL200_SR200,200_.jpg",HP,"2020 HP Envy 13,3 pulgadas 4K Ultra HD visualizacion tactil portatil 10 generacion Intel i7-1065G7 8 GB memoria DDR4 ",1
93,"https://images-na.ssl-images-amazon.com/images/I/51BMiPWtYeL._AC_UL200_SR200,200_.jpg",HP,"HP - Envy Laptop de visualizacion tactil 4K Ultra HD de 13,3 pulgadas - Intel Core i7-1065G7 - memoria DDR4 de 8 GB ",1
94,"https://images-na.ssl-images-amazon.com/images/I/81r1MpT7eBL._AC_UL200_SR200,200_.jpg",HP,"HP Pavilion Laptop 15.6 pulgadas Full HD, AMD Ryzen 5 3500U, AMD Radeon Vega 8 Graphics, 8GB SDRAM, 1TB HDD + 128 GB SSD ",1
95,"https://images-na.ssl-images-amazon.com/images/I/81%2B0uLLEfYL._AC_UL200_SR200,200_.jpg",Asus,"Asus Vivobook S15 S532 - Portatil Fino y Ligero, 15,6"" FHD, Intel Core i5-10210U, 8 GB DDR4 RAM, 512 GB PCIe SSD ",1
96,"https://images-na.ssl-images-amazon.com/images/I/51tmIh-xfvL._AC_UL200_SR200,200_.jpg",Laptop,"Laptop Dell Inspiron 5593, Pantalla 15.6"", Procesador Core i5 10a. Gen, 8GB RAM, 256 SSD, WIN 10, Color AZUL ",1
97,"https://images-na.ssl-images-amazon.com/images/I/71BJqmWtKSL._AC_UL200_SR200,200_.jpg",Acer,"Acer Aspire 15.6-inch HD Business Chromebook-Intel Dual-Core Celeron Processor, 4GB LPDDR3, 16GB eMMC Storage, Intel HD ",1
98,"https://images-na.ssl-images-amazon.com/images/I/81nx6wz7GjL._AC_UL200_SR200,200_.jpg",Lenovo,Lenovo IdeaPad S340 Intel Core i3-8145u 8. generacion 4 GB DDR4 1TB HDD 15.6-inch HD Windows 10 Slim Laptop Platinum ,1
99,"https://images-na.ssl-images-amazon.com/images/I/61avuUmetYL._AC_UL200_SR200,200_.jpg",Asus,"Asus Laptop X512DA-BTS2020RL 15.6"" AMD Ryzen 5 8GB 512GB Plata ",1
100,"https://images-na.ssl-images-amazon.com/images/I/814I0Iz4QLL._AC_UL200_SR200,200_.jpg",HP,"HP Pavilion Laptop, Pantalla de 15"" HD, Procesador AMD Ryzen 3-3300U, 12GB RAM, 1TB+128GB SSD, Sistema operativo Windows ",1
101,"https://images-na.ssl-images-amazon.com/images/I/616ayxYmzZL._AC_UL200_SR200,200_.jpg",Lenovo,"Lenovo IdeaPad 3 2020, visualizacion de bisel estrecho Full HD de 14"", procesador AMD Ryzen 3 3250U de doble nucleo, 8 ",1
102,"https://images-na.ssl-images-amazon.com/images/I/71idFa2cEuL._AC_UL200_SR200,200_.jpg",Laptop,"Laptop HP Stream 11 pulgadas, Intel Celeron ",1
103,"https://images-na.ssl-images-amazon.com/images/I/51nJj-tbvnL._AC_UL200_SR200,200_.jpg",PC,"PC portatil HP 15.6 BrightView Premium, A9-9125 | 4 GB | 500 GB, 15-15.99 inches (Renewed) ",1
104,"https://images-na.ssl-images-amazon.com/images/I/615HhqLCmhL._AC_UL200_SR200,200_.jpg",Laptop,"Laptop Gamer ASUS TUF 15.6"", GeForce GTX 1660, Ryzen 7 , 8GB RAM, 1TB HDD + 512GB SSD, FA506IU-HN243T ",1
105,"https://images-na.ssl-images-amazon.com/images/I/41w4cIrvfWL._AC_UL200_SR200,200_.jpg",Laptop,"Laptop DELL inspiron 15 3593: Procesador Intel Core i3 1005G1 (Hasta 3.4 GHz), Memoria de 20GB (16 GB de Intel Optane ",1
106,"https://images-na.ssl-images-amazon.com/images/I/51WQdtPRFJL._AC_UL200_SR200,200_.jpg",Apple,"Apple MacBook Pro (de 13 pulgadas, Touch Bar, Procesador Intel Core i5 de 4 nucleos y 1.4 GHz de octava generacion, 8 GB ",1
107,"https://images-na.ssl-images-amazon.com/images/I/51v32-2A0lL._AC_UL200_SR200,200_.jpg",HP,"HP Portatil de 14 pulgadas, Oro palido, 10th Gen i3-1005G1 (Renewed) ",1
108,"https://images-na.ssl-images-amazon.com/images/I/51xGKouDlgL._AC_UL200_SR200,200_.jpg",Huawei,"Huawei Matebook 13 + MIFI- Computadora portatil ultradelgada 13"" (Intel Core i5-8265U, 8GB RAM + 512GB SSD, Nvidia ",1
109,"https://images-na.ssl-images-amazon.com/images/I/71YlCIAhj6L._AC_UL200_SR200,200_.jpg",Tv,"Tv Samsung Crystal 4K UHD 43"" Smart Tv UN43TU6900FXZX (2020) ",2
110,"https://images-na.ssl-images-amazon.com/images/I/814PQSUje3L._AC_UL200_SR200,200_.jpg",TV,"TV Sony 55"" 4K UHD Smart Tv LED 55X720F ",2
111,"https://images-na.ssl-images-amazon.com/images/I/71YlCIAhj6L._AC_UL200_SR200,200_.jpg",Tv,"Tv Samsung Crystal 4K UHD 55"" Smart Tv UN55TU6900FXZX (2020) ",2
112,"https://images-na.ssl-images-amazon.com/images/I/81vmLvs6BrL._AC_UL200_SR200,200_.jpg",TV,"TV Samsung 55"" 4K UHD Smart Tv QLED QN55Q60TAF ( 2020 ) ",2
113,"https://images-na.ssl-images-amazon.com/images/I/61AKm-cjX7L._AC_UL85_SR85,85_.jpg",TV,"TV Hyundai 32"" HD Smart TV LED HYLED3246NiM ",2
114,"https://images-na.ssl-images-amazon.com/images/I/41PutJfxK9L._AC_UL85_SR85,85_.jpg",TCL,TCL Pantalla 32 Pulgadas Smart TV Roku 32S331-MX (Reacondicionado) ,2
115,"https://images-na.ssl-images-amazon.com/images/I/51fwjQCRxvL._AC_UL85_SR85,85_.jpg",LG,"LG Television de 65"" SmarTV Pantalla 4K Ultra HD |Magic Remote |HDR10|Dolby Vision | Google Assistant | Alexa | Apple ",2
120,"https://images-na.ssl-images-amazon.com/images/I/71YlCIAhj6L._AC_UL200_SR200,200_.jpg",TV,"TV Samsung 58"" 4K Cristal UHD Smart TV LED UN58TU6900FXZX (2020) ",2
121,"https://images-na.ssl-images-amazon.com/images/I/71TJZZ%2Bd2fL._AC_UL200_SR200,200_.jpg",TV,"TV Samsung 32"" HD Smart TV LED UN32T4300AFXZX (2020) ",2
122,"https://images-na.ssl-images-amazon.com/images/I/91EAb3fKMBL._AC_UL200_SR200,200_.jpg",TV,"TV Samsung 50"" 4K UHD Smart Tv LED UN50TU7000FXZX ( 2020 ) ",2
123,"https://images-na.ssl-images-amazon.com/images/I/916Ts4fDi5L._AC_UL200_SR200,200_.jpg",TV,"TV Samsung 32"" HD Smart TV LED LH32BETBLGKXZX (2020) ",2
124,"https://images-na.ssl-images-amazon.com/images/I/71KefL8QawL._AC_UL200_SR200,200_.jpg",Tv,"Tv Samsung Crystal 4K UHD 55"" Smart Tv UN55TU8000FXZX Alexa built-in (2020) ",2
125,"https://images-na.ssl-images-amazon.com/images/I/41simpaCMrL._AC_UL200_SR200,200_.jpg",Hisense,Hisense 43 pulgadas Smart TV con Sistema Operativo Roku Ultra Alta Definicion Pantalla Wi-Fi LED 1080P con Puertos HDMI ,2
126,"https://images-na.ssl-images-amazon.com/images/I/81UYqty05XL._AC_UL200_SR200,200_.jpg",TV,"TV Sony 43"" 4K UHD Smart Tv LED KDL-43X720F ",2
127,"https://images-na.ssl-images-amazon.com/images/I/71VlPnHMSvL._AC_UL200_SR200,200_.jpg",TV,"TV Samsung 55"" 4K UHD Smart Tv LED UN55TU8500FXZX ( 2020 ) ",2
128,"https://images-na.ssl-images-amazon.com/images/I/81-ieVP4QZL._AC_UL200_SR200,200_.jpg",Sony,"Sony Pantalla 49 4K Ultra HD, Smart TV HDR KDL-49X720F ",2
129,"https://images-na.ssl-images-amazon.com/images/I/719%2BSi5v4AL._AC_UL200_SR200,200_.jpg",TV,"TV LG 43"" FHD Smart TV LED 43LM6300PUB 2020 ",2
130,"https://images-na.ssl-images-amazon.com/images/I/71HQa5eW0mL._AC_UL200_SR200,200_.jpg",TV,"TV LG 50"" 4K Smart TV LED 50UN8000PUB 2020 ",2
131,"https://images-na.ssl-images-amazon.com/images/I/61KUFcjQh1L._AC_UL200_SR200,200_.jpg",TV,"TV Samsung 55"" 4K Smart TV QLED QN55Q70 (2020) ",2
132,"https://images-na.ssl-images-amazon.com/images/I/81vmLvs6BrL._AC_UL200_SR200,200_.jpg",TV,"TV Samsung 65"" 4K UHD Smart Tv QLED QN65Q60TAFXZX ( 2020 ) ",2
133,"https://images-na.ssl-images-amazon.com/images/I/61J0HIHi%2B7L._AC_UL200_SR200,200_.jpg",TV,"TV Samsung 65"" 4K UHD Smart Tv QLED Qn65Q70TAFXZX ( 2020 ) ",2
134,"https://images-na.ssl-images-amazon.com/images/I/91aYCF4I1OL._AC_UL200_SR200,200_.jpg",TV,"TV Samsung 75"" 4K UHD Smart Tv LED UN75TU7000FXZX ( 2020 ) ",2
135,"https://images-na.ssl-images-amazon.com/images/I/61ZiJDyp-gL._AC_UL200_SR200,200_.jpg",TV,"TV LG 43"" 4K Smart TV LED 43UN7100PUA 2020 ",2
136,"https://images-na.ssl-images-amazon.com/images/I/71GmEiIcaHL._AC_UL200_SR200,200_.jpg",TV,"TV LG 60"" 4K Smart TV LED 60UN7300PUA 2020 ",2
137,"https://images-na.ssl-images-amazon.com/images/I/713rfj7KKSL._AC_UL200_SR200,200_.jpg",TV,"TV LG 55"" 4K Smart TV LED 55UN7300PUC 2020 ",2
138,"https://images-na.ssl-images-amazon.com/images/I/71H96gPbdhL._AC_UL200_SR200,200_.jpg",Hisense,"Hisense 32"" Serie H5F1 VIDAA HD Smart TV (32H5F1, 2020) ",2
139,"https://images-na.ssl-images-amazon.com/images/I/61YiMZJsjyL._AC_UL200_SR200,200_.jpg",TV,"TV TCL 43"" 4K UHD Roku Tv LED 43S425-MX ",2
140,"https://images-na.ssl-images-amazon.com/images/I/715yuClTJ6L._AC_UL200_SR200,200_.jpg",SANSUI,SANSUI Smart TV 32 LED HD Netflix Dolby Audio SMX-32P28NF ,2
141,"https://images-na.ssl-images-amazon.com/images/I/91-gHZ%2BX9YL._AC_UL200_SR200,200_.jpg",TV,"TV Samsung 58"" 4K UHD Smart Tv LED UN58TU7000FXZX ( 2020 ) ",2
142,"https://images-na.ssl-images-amazon.com/images/I/71p18I-YMzL._AC_UL200_SR200,200_.jpg",TV,"TV LG 55"" 4K Smart TV LED NanoCell 55NANO81UNA 2020 ",2
143,"https://images-na.ssl-images-amazon.com/images/I/61XuhC2fyhL._AC_UL200_SR200,200_.jpg",Hisense,"Hisense 32H4000FM Serie 4. 32"" HD, Smart TV, Roku TV, HDR, Roku Search, (2019) (32"") (Renewed) ",2
144,"https://images-na.ssl-images-amazon.com/images/I/81-%2BjmXSNyL._AC_UL200_SR200,200_.jpg",TV,"TV Hisense 43"" 4K Roku TV LED R6000GM (2020) ",2
145,"https://images-na.ssl-images-amazon.com/images/I/61YiMZJsjyL._AC_UL200_SR200,200_.jpg",TV,"TV TCL 55"" 4K UHD Roku Tv LED 55S425-MX ",2
146,"https://images-na.ssl-images-amazon.com/images/I/61nwkFpUBLL._AC_UL200_SR200,200_.jpg",Sony,"Sony BRAVIA KDL-32W600D. Pantalla de 32"", HD ready Smart TV ",2
147,"https://images-na.ssl-images-amazon.com/images/I/61%2BDzdrlc-L._AC_UL200_SR200,200_.jpg",TV,"TV LG 55"" 4K Smart TV LED 55UN7100PUA 2020 ",2
148,"https://images-na.ssl-images-amazon.com/images/I/91-gHZ%2BX9YL._AC_UL200_SR200,200_.jpg",TV,"TV Samsung 43"" 4K UHD Smart Tv LED UN43TU7000FXZX ( 2020 ) ",2
149,"https://images-na.ssl-images-amazon.com/images/I/51XOh7jvPbL._AC_UL200_SR200,200_.jpg",Hisense,"Hisense 40H5500F Android TV Smart TV 40"", 1080p, Built-in Wi-Fi, 2019, Color Negro ",2
150,"https://images-na.ssl-images-amazon.com/images/I/61aGRM8DJOL._AC_UL200_SR200,200_.jpg",Hisense,"Hisense 50R6000GM Serie R6 50"" 4K Uhd, Smart TV, Roku TV, Hdr10, Roku Search, (2020) (50"") ",2
151,"https://images-na.ssl-images-amazon.com/images/I/71sJNFHpYoL._AC_UL200_SR200,200_.jpg",Hisense,Hisense 32H4F 32-Inch LED Roku Smart TV with Alexa and Google Assistant Compatibility (2020) (Reacondicionado) ,2
152,"https://images-na.ssl-images-amazon.com/images/I/61SONhtHOxL._AC_UL200_SR200,200_.jpg",TV,"TV LG 49"" 4K Smart TV LED 49UN7100PUA ",2
153,"https://images-na.ssl-images-amazon.com/images/I/91aYCF4I1OL._AC_UL200_SR200,200_.jpg",TV,"TV Samsung 65"" 4K UHD Smart Tv LED Un65Tu7000Fxzx ( 2020 ) ",2
154,"https://images-na.ssl-images-amazon.com/images/I/71%2B5enz53sL._AC_UL200_SR200,200_.jpg",TV,"TV LG 49"" 4K Smart TV LED NanoCell 49NANO81UNA 2020 ",2
155,"https://images-na.ssl-images-amazon.com/images/I/81SZnYKocPL._AC_UL200_SR200,200_.jpg",Hisense,"Hisense 65"" Serie H8G Android 4K ULED Smart TV con Asistente de Google (65H8G, 2020) ",2
156,"https://images-na.ssl-images-amazon.com/images/I/71VfecGjmRL._AC_UL200_SR200,200_.jpg",TV,"TV LG 32"" HD Smart TV LED 32LM630BPUB ",2
157,"https://images-na.ssl-images-amazon.com/images/I/91mcHVhh9KL._AC_UL200_SR200,200_.jpg",TV,"TV Samsung 55"" 4K UHD Smart Tv LED UN55TU7000FXZX ( 2020 ) ",2
158,"https://images-na.ssl-images-amazon.com/images/I/71gzlKauNQL._AC_UL200_SR200,200_.jpg",Hisense,Hisense 32H4F 32-Inch LED Roku Smart TV with Alexa and Google Assistant Compatibility (2020) ,2
159,"https://images-na.ssl-images-amazon.com/images/I/31pO-n1BnTL._AC_UL200_SR200,200_.jpg",Pantalla,"Pantalla DE 40"" Full HD Smart TV ",2
160,"https://images-na.ssl-images-amazon.com/images/I/61AVcTBkE1L._AC_UL200_SR200,200_.jpg",TCL,"TCL Pantalla 65"" 4K UHD Smart TV HDR con Dolby Vision 65A527 ",2
161,"https://images-na.ssl-images-amazon.com/images/I/713G4gIXPiL._AC_UL200_SR200,200_.jpg",TV,"TV TCL 32"" HD Android TV LED 32A325 ",2
164,"https://images-na.ssl-images-amazon.com/images/I/41EE3d-Ti5L._AC_UL200_SR200,200_.jpg",TV,"TV Hisense 40"" Full HD Smart ROKU 40H4030F Renewed ",2
165,"https://images-na.ssl-images-amazon.com/images/I/81kOW6%2Bxa%2BL._AC_UL200_SR200,200_.jpg",TV,"TV Samsung 50"" 4K Th Frame Smart TV QLED QN50LS03TAFXZX (2020) ",2
166,"https://images-na.ssl-images-amazon.com/images/I/61AVcTBkE1L._AC_UL200_SR200,200_.jpg",TCL,TCL Pantalla 504K UHD Smart TV con Sistema Android TV y Dolby Vision 50A527 ,2
167,"https://images-na.ssl-images-amazon.com/images/I/81wLGLKUyzL._AC_UL200_SR200,200_.jpg",TV,"TV Hisense 75"" 4K Android TV ULED 75H8G (2020) ",2
168,"https://images-na.ssl-images-amazon.com/images/I/615-j1Da7TL._AC_UL200_SR200,200_.jpg",TV,"TV Samsung 50"" 4K UHD Smart Tv LED UN50TU8500FXZX ( 2020 ) ",2
175,"https://images-na.ssl-images-amazon.com/images/I/71sOVJhdjaL._AC_UL200_SR200,200_.jpg",TV,"TV 55"" TCL 4K UHD Smart Android TV Dolby digital 55A527 ",2
176,"https://images-na.ssl-images-amazon.com/images/I/61OQIfcV3uL._AC_UL200_SR200,200_.jpg",Sony,"Sony Television de 55"" SmartTV Pantalla 4k UltraHD | HDR |OS Android | 4K X-Reality Pro | Triluminos Display | Google ",2
177,"https://images-na.ssl-images-amazon.com/images/I/61FcdiByYyL._AC_UL200_SR200,200_.jpg",TV,"TV LG 43"" 4K Smart TV LED 43UM7100PUA ",2
178,"https://images-na.ssl-images-amazon.com/images/I/61pvw-RG2TL._AC_UL200_SR200,200_.jpg",Hisense,"Hisense Pantalla 58"" Smart TV UHD 4K 58H6500E ",2
179,"https://images-na.ssl-images-amazon.com/images/I/71m-zocopgL._AC_UL200_SR200,200_.jpg",TV,"TV Samsung 70"" 4K UHD Smart Tv LED UN70RU7100FXZX ",2
180,"https://images-na.ssl-images-amazon.com/images/I/71ajmBfSdGL._AC_UL200_SR200,200_.jpg",TV,"TV Sony 55"" 4K UHD Android TV LED XBR-55X900H ( 2020 ) ",2
181,"https://images-na.ssl-images-amazon.com/images/I/81V30ekeeeL._AC_UL200_SR200,200_.jpg",Hisense,"Hisense 40H5G Smart TV 40"" FULL HD, 1080p, Built-in Wi-Fi, 2020, Color Negro ",2
182,"https://images-na.ssl-images-amazon.com/images/I/71nlsCkthmL._AC_UL200_SR200,200_.jpg",TV,"TV LG 86"" 4K Smart TV LED 86UN8570PUB 2020 ",2
183,"https://images-na.ssl-images-amazon.com/images/I/71bOjFVAc%2BL._AC_UL200_SR200,200_.jpg",LG,"LG UHD TV AI ThinQ 4K 65"" 65UN8050PUD ",2
184,"https://images-na.ssl-images-amazon.com/images/I/61xX6utdh3L._AC_UL200_SR200,200_.jpg",TV,"TV Samsung 55"" 4K UHD Smart Tv QLED QN55Q80TAFXZX ( 2020 ) ",2
185,"https://images-na.ssl-images-amazon.com/images/I/71HIxCeqDdL._AC_UL200_SR200,200_.jpg",TCL,"TCL Pantalla 55"" UHD 4k Dolby Atmos QLED Android Smart TV - 55Q637 ",2
186,"https://images-na.ssl-images-amazon.com/images/I/61aGRM8DJOL._AC_UL200_SR200,200_.jpg",Hisense,"Hisense 75R6000GM Serie R6 75"" 4K Uhd, Smart TV, Roku TV, Hdr10, Roku Search, (2020) (75"") ",2
187,"https://images-na.ssl-images-amazon.com/images/I/71OMKXaDAfL._AC_UL200_SR200,200_.jpg",TV,"TV LG 55"" 4K Smart TV LED 55UN8050PUD 2020 ",2
188,"https://images-na.ssl-images-amazon.com/images/I/91-kAh36iML._AC_UL200_SR200,200_.jpg",LG,"LG Smart TV Pantalla 43 Pulgadas 4K HDR con Alexa, Google Assistant, Airplay2, Netlix, Youtube, Bluetooth (Renewed) ",2
189,"https://images-na.ssl-images-amazon.com/images/I/71PMTyxy4-L._AC_UL200_SR200,200_.jpg",TV,"TV LG 70"" 4K Smart TV LED 70UN7100PUA 2020 ",2
190,"https://images-na.ssl-images-amazon.com/images/I/8161gQWMnNL._AC_UL200_SR200,200_.jpg",Hisense,Hisense 32H5500F Class H55 Series Android Smart TV con Mando a Distancia de Voz (Modelo 2020) ,2
191,"https://images-na.ssl-images-amazon.com/images/I/71oRmoEpcBL._AC_UL200_SR200,200_.jpg",Sansui,"Sansui TV LED 32"", Mod SMX32Z1 HD, Entradas 2 x HDMI, USB 2.0 ",2
192,"https://images-na.ssl-images-amazon.com/images/I/51MiAu6aQfL._AC_UL200_SR200,200_.jpg",LG,LG 70 Inches 4K Ultra HD Inteligente con Alexa integrada (2019) ,2
193,"https://images-na.ssl-images-amazon.com/images/I/71HeuzXVkTL._AC_UL200_SR200,200_.jpg",TV,"TV Sony 65"" 4K UHD Smart Tv LED XBR-65X850G ( 2020 ) +Barra de sonido HT-S100F ",2
194,"https://images-na.ssl-images-amazon.com/images/I/71%2Bk6ZrewrL._AC_UL200_SR200,200_.jpg",TV,"TV Samsung 65"" 4K UHD Smart Tv LED UN65TU8000FXZX ( 2020 ) ",2
195,"https://images-na.ssl-images-amazon.com/images/I/81t8Ih3X9gL._AC_UL200_SR200,200_.jpg",Hisense,"Hisense 43"" Smart TV 4K Televisor con Sistema Roku Pantalla Ultra HD LED, Cuenta con Ethernet, Wi-Fi, Puertos HDMI, USB ",2
196,"https://images-na.ssl-images-amazon.com/images/I/71IibZoYDFL._AC_UL200_SR200,200_.jpg",TV,"TV LG 50"" 4K Smart TV LED 50UN7300PUC 2020 ",2
197,"https://images-na.ssl-images-amazon.com/images/I/41LJdijZZ2L._AC_UL200_SR200,200_.jpg",TV,"TV TCL 43"" 4K Android TV LED 43A423 (2020) ",2
198,"https://images-na.ssl-images-amazon.com/images/I/81bP0QXHE0L._AC_UL200_SR200,200_.jpg",Sony,"Sony Pantalla 55"" - 4K UHD|HDR - X1 4K HDR Processor - Android TV ",2
199,"https://images-na.ssl-images-amazon.com/images/I/71Z7SDS7wNL._AC_UL200_SR200,200_.jpg",Sony,"Sony Pantalla 55"" - 4K HDR Full Array LED - X1 Ultimate - Android TV ",2
200,"https://images-na.ssl-images-amazon.com/images/I/817CAyMQ2jL._AC_UL200_SR200,200_.jpg",Samsung,Samsung Pantalla 50Smart Tv UHD 4K UN50RU7100FXZX (2019) ,2
201,"https://images-na.ssl-images-amazon.com/images/I/71zl%2Bt2NcQL._AC_UL200_SR200,200_.jpg",TV,"TV LG 65"" 4K Smart TV LED 65UN7300PUC 2020 ",2
202,"https://images-na.ssl-images-amazon.com/images/I/61xkW0HMr%2BL._AC_UL200_SR200,200_.jpg",TCL,"TCL Pantalla 40"" Pulgadas Smart TV ROKU ",2
203,"https://images-na.ssl-images-amazon.com/images/I/51AUI3bM81L._AC_UL200_SR200,200_.jpg",Hisense,"Hisense 58H6500G Serie 6 58\"" 4K UHD, Smart TV, Bluetooth (Solo Audio) Android TV, HDR10, (2020) (58\"") ",2
204,"https://images-na.ssl-images-amazon.com/images/I/917SylT%2BHTL._AC_UL200_SR200,200_.jpg",Hisense,"Hisense 32H3D Televisor LED, 720p HD, color negro ",2
205,"https://images-na.ssl-images-amazon.com/images/I/71CmmhU7V7L._AC_UL200_SR200,200_.jpg",TV,"TV LG 65"" 4K Smart TV LED 65Nano81Una 2020 ",2
206,"https://images-na.ssl-images-amazon.com/images/I/91zmQQ6C09L._AC_UL200_SR200,200_.jpg",LG,LG Electronics 24LM530S-PU WebOS de 24 Pulgadas HD de 3.5 Smart TV ,2
207,"https://images-na.ssl-images-amazon.com/images/I/81WHxI7O5iL._AC_UL200_SR200,200_.jpg",Hisense,Hisense 40 Serie H5F VIDAA Smart TV FHD (40H5F) ,2
208,"https://images-na.ssl-images-amazon.com/images/I/51VjbWz0yiL._AC_UL200_SR200,200_.jpg",RCA,"RCA Televisor 40 Pulgadas 1080p Full HD TV, Pantalla LED - RLDED4016A (Renovada) ",2
209,"https://images-na.ssl-images-amazon.com/images/I/41NkqRWgYiL._AC_UL200_SR200,200_.jpg",Makena,"Makena Pantalla 24A2 24"" HD Puerto USB HDMI ",2
210,"https://images-na.ssl-images-amazon.com/images/I/6163zwqUltL._AC_UL200_SR200,200_.jpg",Hisense,Hisense Smart TV 65inch 4K 65R6E (Renewed) ,2
211,"https://images-na.ssl-images-amazon.com/images/I/61aAEHge0BL._AC_UL200_SR200,200_.jpg",TCL,"TCL 32""Clase 720P HD LED Roku Smart TV Serie 3 |Alexa y Google Assistant| 32S331 (Renewed) ",2
212,"https://images-na.ssl-images-amazon.com/images/I/61aGRM8DJOL._AC_UL200_SR200,200_.jpg",Hisense,"Hisense 43R6000GM Serie R6 43"" 4K Uhd, Smart TV, Roku TV, Hdr10, Roku Search, (2020) (43"") (43"") ",2
213,"https://images-na.ssl-images-amazon.com/images/I/71Skj2p2B%2BL._AC_UL200_SR200,200_.jpg",TV,"TV Hyundai 50"" 4K UHD Smart Tv LED Hyled5014N4Km ",2
214,"https://images-na.ssl-images-amazon.com/images/I/81im1XH0fXL._AC_UL200_SR200,200_.jpg",TV,"TV Hisense 50"" 4K Smart TV LED 50H6G (2020) ",2
215,"https://images-na.ssl-images-amazon.com/images/I/71TaSzqCl5L._AC_UL200_SR200,200_.jpg",Seiki,Seiki Pantalla 32 SC-32HS880N Television Led Full HD HDMI USB ,2
216,"https://images-na.ssl-images-amazon.com/images/I/81hR-d2IOeL._AC_UL200_SR200,200_.jpg",Sony,Sony XBR-65X850G - clase 65 pulgadas (64.5 pulgadas de vision) - TV LED serie X850G - Smart TV - Android TV - 4K UHD ,2
217,"https://images-na.ssl-images-amazon.com/images/I/712dWGCI6tL._AC_UL200_SR200,200_.jpg",SANSUI,"SANSUI Monitor TV 22"" Led SMX2219 HDMI USB ",2
218,"https://images-na.ssl-images-amazon.com/images/I/71AtB6u9TnL._AC_UL200_SR200,200_.jpg",TV,"TV LG 55"" 4K Smart TV Oled Oled55Bxpua ",2
219,"https://images-na.ssl-images-amazon.com/images/I/71Skj2p2B%2BL._AC_UL200_SR200,200_.jpg",TV,"TV Hyundai 55"" 4K UHD Smart Tv LED Hyled5519N4Km ",2
220,"https://images-na.ssl-images-amazon.com/images/I/61YiMZJsjyL._AC_UL200_SR200,200_.jpg",TV,"TV TCL 50"" 4K UHD Roku Tv LED 50S425 ",2
221,"https://images-na.ssl-images-amazon.com/images/I/81UgYuadkpL._AC_UL200_SR200,200_.jpg",Xiaomi,"Redmi Note 8 Pro, 64GB memoria/6GB RAM 6.53"" HDR, Helio G90T Octa-Core, Gris - Version Global Desbloqueado ",3
222,"https://images-na.ssl-images-amazon.com/images/I/71qqy8kZlTL._AC_UL200_SR200,200_.jpg",Huawei,"Nova 3 PAR-LX9 Pantalla 6.3"" Camara Dual 24 Mpx 16 Mpx, 128 GB ROM 4GB Ram - Desbloqueado (Negro) ",3
223,"https://images-na.ssl-images-amazon.com/images/I/61rI5o2rbAL._AC_UL200_SR200,200_.jpg",Apple,Smartphone iPhone XS MAX Plata - 256GB - Telcel Prepago ,3
225,"https://images-na.ssl-images-amazon.com/images/I/61fPo-nBDBL._AC_UL85_SR85,85_.jpg",Samsung,"Galaxy S10 128GB SM-G973 6.1"" Dual Sim LTE Libre de Fabrica (Version Internacional) Verde ",3
229,"https://images-na.ssl-images-amazon.com/images/I/61WpoMEdpoL._AC_UL85_SR85,85_.jpg",Apple,"iPhone 7, 128GB, Silver - Fully unlocked- Desbloqueado(Renewed) ",3
230,"https://images-na.ssl-images-amazon.com/images/I/81FuLf%2BHM7L._AC_UL200_SR200,200_.jpg",GHIA,"Smartphone QS702 - Pantalla de 5.5"" HD IPS - 1GB de RAM - 8GB de Memoria - Dual SIM - Camaras de 5mp/8mp - Wi-Fi ",3
232,"https://images-na.ssl-images-amazon.com/images/I/715ocHTopKL._AC_UL200_SR200,200_.jpg",Asus,Zenfone 5Q ,3
234,"https://images-na.ssl-images-amazon.com/images/I/51Z9s8oYeCL._AC_UL200_SR200,200_.jpg",Senwa,"S319 Smartphone Street 1.77"", 30 GB, color Negro/Naranja. Telcel/Desbloqueado ",3
235,"https://images-na.ssl-images-amazon.com/images/I/712WYNz6C0L._AC_UL200_SR200,200_.jpg",Smartphone,Samsung Galaxy S8 Plus color negro. AT&T pre-pago ,3
236,"https://images-na.ssl-images-amazon.com/images/I/51Pwe7f7RyL._AC_UL200_SR200,200_.jpg",Huawei,"E5785Lh-22c (Blanco) 300 Mbps 4G LTE Mobile WiFi (4G LTE en Europa, Asia, Oriente Medio, Africa y 3G Globalmente ",3
237,"https://images-na.ssl-images-amazon.com/images/I/81SlE4wJ8DL._AC_UL200_SR200,200_.jpg",Smartphone,Apple iPhone 8 plus 256GB color gris. Movistar pre-pago ,3
238,"https://images-na.ssl-images-amazon.com/images/I/61RZHJatKEL._AC_UL200_SR200,200_.jpg",Apple,iPhone 6 Dorado 64 GB (Renewed) ,3
239,"https://images-na.ssl-images-amazon.com/images/I/31Ed5pyuiVL._AC_UL200_SR200,200_.jpg",Apple,"iPhone 8 Plus 256GB, Color Dorado ",3
240,"https://images-na.ssl-images-amazon.com/images/I/71Q7Fm%2BkkGL._AC_UL200_SR200,200_.jpg",Smartphone,Samsung Galaxy S8 color plata. AT&T pre-pago ,3
241,"https://images-na.ssl-images-amazon.com/images/I/41JJB8Jr%2B5L._AC_UL200_SR200,200_.jpg",Apple,"APP-A2097- MT9E2LZ/A iPhone Xs, Space, Gray 64GB, Liberado ",3
242,"https://images-na.ssl-images-amazon.com/images/I/51cJfbdigeL._AC_UL200_SR200,200_.jpg",Smartphone,"P30 Lite Huawei Negro, 128 GB ",3
243,"https://images-na.ssl-images-amazon.com/images/I/31NTwK91paL._AC_UL200_SR200,200_.jpg",Apple,Iphone 8 64GB color plata. AT&T prepago ,3
244,"https://images-na.ssl-images-amazon.com/images/I/51MouHYGWKL._AC_UL200_SR200,200_.jpg",Huawei,"e5785lh-22 C Hotspot WiFi, Negro ",3
245,"https://images-na.ssl-images-amazon.com/images/I/71RYhD1uzpL._AC_UL200_SR200,200_.jpg",Apple,"iPhone 7, 128GB, Gold - For AT&T / T-Mobile (Renewed) ",3
246,"https://images-na.ssl-images-amazon.com/images/I/51PGkD9cphL._AC_UL200_SR200,200_.jpg",Smartphone,"Huawei P30 Lite Morado, 128 GB ",3
247,"https://images-na.ssl-images-amazon.com/images/I/61IxOpceG9L._AC_UL200_SR200,200_.jpg",Apple,Smartphone iPhone XS Gris Espacial - 64GB - Telcel Prepago ,3
248,"https://images-na.ssl-images-amazon.com/images/I/21OxF2OVreL._AC_UL200_SR200,200_.jpg",Alcatel,Smartphone A3 Plus 3g 5011 Negro AT&T pre-Pago ,3
249,"https://images-na.ssl-images-amazon.com/images/I/71%2B3w6OmA6L._AC_UL200_SR200,200_.jpg",Smartphone,Apple iPhone 7 plus 32 GB color negro. Telcel pre-pago ,3
250,"https://images-na.ssl-images-amazon.com/images/I/61NTeCAZQXL._AC_UL200_SR200,200_.jpg",Lenovo,"4203065 4203065 Tab V7 Pb-6505M 6.9 3Gb 32Gb Telefono Movil Dual Sim, Negro ",3
251,"https://images-na.ssl-images-amazon.com/images/I/814ALXDvpSL._AC_UL200_SR200,200_.jpg",Hisense,Smartphone U963 Dorado AT&T pre-Pago ,3
252,"https://images-na.ssl-images-amazon.com/images/I/81huWyIXx4L._AC_UL200_SR200,200_.jpg",SAMSUNG,GALAXY S8 PLUS G955F ORO ,3
253,"https://images-na.ssl-images-amazon.com/images/I/61NhKRmmfBL._AC_UL200_SR200,200_.jpg",Apple,Smartphone iPhone XS Plata - 64GB - Telcel Prepago ,3
254,"https://images-na.ssl-images-amazon.com/images/I/61VO8vLd7XL._AC_UL200_SR200,200_.jpg",Samsung,"SM-G975F Smartphone Galaxy S10 AT&T/Prepago con Bundle Bud, 6.4"", Color Azul ",3
255,"https://images-na.ssl-images-amazon.com/images/I/31r8QsQgMML._AC_UL200_SR200,200_.jpg",Samsung,"SM-G9650 Galaxy S9 Plus - Smartphone 64 GB, Octa Core de 2.5GHa, 12 MP, Android 8 Oreo, AT&T/Prepago, Morado, 6 ",3
256,"https://images-na.ssl-images-amazon.com/images/I/51xkMbRYJnL._AC_UL200_SR200,200_.jpg",Samsung-,Smartphone Galaxy S10e 128 GB Amarillo ,3
257,"https://images-na.ssl-images-amazon.com/images/I/311VbxJgvqL._AC_UL200_SR200,200_.jpg",Samsung,"Galaxy S8 - Smartphone, color Gris Orquidia, Telcel Pre-pago ",3
258,"https://images-na.ssl-images-amazon.com/images/I/41YChKsRYKL._AC_UL200_SR200,200_.jpg",Blade,"A6 Plata 16GB 5.2"" FullHD 13 Mpx RAM 2GB RAM 16GB mas microSD hasta 128GB ",3
259,"https://images-na.ssl-images-amazon.com/images/I/51Y8ODsK6FL._AC_UL200_SR200,200_.jpg",LG,"Q6 PRIME M700H COLOR GRIS - PANTALLA 5"" - CAMARA FRONTAL 5MPX CON GRAN ANGULAR 100 Y TRASERA 13MPX - OCTACORE ",3
260,"https://images-na.ssl-images-amazon.com/images/I/61Oj5%2BRr1KL._AC_UL200_SR200,200_.jpg",Smartphone,Samsung Galaxy S8 color negro. Version internacional ,3
261,"https://images-na.ssl-images-amazon.com/images/I/31N7hdCsROL._AC_UL200_SR200,200_.jpg",Samsung,"SM-G9650 Smartphone Galaxy S9 Plus 6.2"", color Negro. AT&T/Prepago ",3
262,"https://images-na.ssl-images-amazon.com/images/I/81NIinfhx4L._AC_UL200_SR200,200_.jpg",Hisense,Smartphone U963 Negro AT&T pre-Pago ,3
263,"https://images-na.ssl-images-amazon.com/images/I/61BeFQhKlJL._AC_UL200_SR200,200_.jpg",Smartphone,Apple iPhone 8 64GB color dorado (AT&T) ,3
264,"https://images-na.ssl-images-amazon.com/images/I/51pYtzMePOL._AC_UL200_SR200,200_.jpg",Samsung,"Galaxy S8 - Smartphone, color Gris Orquidia, Version internacional ",3
265,"https://images-na.ssl-images-amazon.com/images/I/61IxOpceG9L._AC_UL200_SR200,200_.jpg",Apple,Smartphone iPhone XS Gris Espacial - 512GB - Telcel Prepago ,3
266,"https://images-na.ssl-images-amazon.com/images/I/31k-Aos8XML._AC_UL200_SR200,200_.jpg",SAMSUNG,"SM-G9600 Smartphone Galaxy S9 S 5.8"", Color Morado. AT&T/Prepago ",3
267,"https://images-na.ssl-images-amazon.com/images/I/61Yz1jppwdL._AC_UL200_SR200,200_.jpg",Smartphone,Samsung Galaxy S8 color negro. AT&T pre-pago ,3
268,"https://images-na.ssl-images-amazon.com/images/I/61ezYB5jJWL._AC_UL200_SR200,200_.jpg",Apple,Smartphone iPhone XS Oro - 64GB - Telcel Prepago ,3
269,"https://images-na.ssl-images-amazon.com/images/I/61NhKRmmfBL._AC_UL200_SR200,200_.jpg",Apple,Smartphone iPhone XS Plata - 512GB - Telcel Prepago ,3
276,"https://images-na.ssl-images-amazon.com/images/I/61vZ61imCPL._AC_UL200_SR200,200_.jpg",Apple,Smartphone iPhone 8 Plus 64GB Color Gris. Desbloqueado o Liberado ,3
277,"https://images-na.ssl-images-amazon.com/images/I/31djxUtIq3L._AC_UL200_SR200,200_.jpg",Samsung,"Galaxy J7 Prime, 32 Gb, 3 Gb Ram, Camara de 13 MPX, Lector de huella dactilar,Pantalla brillante 1080p Full HD ",3
278,"https://images-na.ssl-images-amazon.com/images/I/71UDatfCCpL._AC_UL200_SR200,200_.jpg",ZTE,Smartphone Blade L110 Negro AT&T pre-Pago ,3
279,"https://images-na.ssl-images-amazon.com/images/I/31Pvw14nx1L._AC_UL200_SR200,200_.jpg",Apple,"iPhone 7 plus 128 GB, rosa dorado ",3
280,"https://images-na.ssl-images-amazon.com/images/I/51xHLxgGgkL._AC_UL200_SR200,200_.jpg",Smartphone,"Apple iPhone 7 32 GB, plateado. Telcel pre-pago ",3
281,"https://images-na.ssl-images-amazon.com/images/I/418ZGBsqCnL._AC_UL200_SR200,200_.jpg",Hisense,"F23 - Smartphone 5.5"", 2GB RAM, 16GB ROM, Quad-core 1.3GHz, Dorado ",3
282,"https://images-na.ssl-images-amazon.com/images/I/81wxIgEOKcL._AC_UL200_SR200,200_.jpg",Smartphone,Apple iPhone 8 plus 64GB color plata. Movistar pre-pago ,3
283,"https://images-na.ssl-images-amazon.com/images/I/61Y%2BNMuv05L._AC_UL200_SR200,200_.jpg",Apple,Smartphone iPhone XS MAX Gris Espacial - 64 GB - Telcel Prepago ,3
284,"https://images-na.ssl-images-amazon.com/images/I/713BLHZNbCL._AC_UL200_SR200,200_.jpg",Smartphone,Samsung Galaxy S8 Plus color plata. AT&T pre-pago ,3
285,"https://images-na.ssl-images-amazon.com/images/I/31SBF7TOkdL._AC_UL200_SR200,200_.jpg",Smartphone,"Samsung Galaxy S8, color negro. Telcel pre-pago. ",3
286,"https://images-na.ssl-images-amazon.com/images/I/61kSwEUN-LL._AC_UL200_SR200,200_.jpg",Apple,Smartphone iPhone XS MAX Oro - 256GB - Telcel Prepago ,3
287,"https://images-na.ssl-images-amazon.com/images/I/416ntfTxfZL._AC_UL200_SR200,200_.jpg",ZTE,Smartphone Blade A521 Blanco AT&T pre-Pago ,3
288,"https://images-na.ssl-images-amazon.com/images/I/61AUCF1GWwL._AC_UL200_SR200,200_.jpg",Hisense,Smartphone F20 Negro AT&T pre-Pago ,3
289,"https://images-na.ssl-images-amazon.com/images/I/71%2B3w6OmA6L._AC_UL200_SR200,200_.jpg",Apple,"iPhone 7 plus 256 GB, negro ",3
290,"https://images-na.ssl-images-amazon.com/images/I/41co2FtpNRL._AC_UL200_SR200,200_.jpg",Samsung,"SM-G9650 Smartphone Galaxy S9+ 6.2"", color Negro. Telcel ",3
291,"https://images-na.ssl-images-amazon.com/images/I/71LrrVpuMkL._AC_UL200_SR200,200_.jpg",Smartphone,Apple iPhone 8 64GB color gris. AT&T pre-pago ,3
292,"https://images-na.ssl-images-amazon.com/images/I/81jvEY2yw%2BL._AC_UL200_SR200,200_.jpg",GHIA,"Smartphone 3G - Pantalla de 5"" - 1GB de RAM - 8GB de Memoria - Dual SIM - Camara de 2.08mp - Wi-Fi - Bluetooth ",3
293,"https://images-na.ssl-images-amazon.com/images/I/51g6CNNep0L._AC_UL200_SR200,200_.jpg",Samsung,"SM-G9600 Smartphone Galaxy S9 5.8"", color Gris. Telcel ",3
294,"https://images-na.ssl-images-amazon.com/images/I/61r%2BDwYYYUL._AC_UL200_SR200,200_.jpg",Xiaomi,"5 Plus Smartphone 5.9"", Color Azul. Telcel/Desbloqueado ",3
295,"https://images-na.ssl-images-amazon.com/images/I/51WMaE0DPiL._AC_UL200_SR200,200_.jpg",Apple,iPhone 8 Plus 64 GB dorado ,3
296,"https://images-na.ssl-images-amazon.com/images/I/61ezYB5jJWL._AC_UL200_SR200,200_.jpg",Apple,Smartphone iPhone XS Oro - 256GB - Telcel Prepago ,3
297,"https://images-na.ssl-images-amazon.com/images/I/41co2FtpNRL._AC_UL200_SR200,200_.jpg",Samsung,"SM-G9600 Smartphone Galaxy S9 5.8"", color Negro. Telcel ",3
298,"https://images-na.ssl-images-amazon.com/images/I/41CVYO46dWL._AC_UL200_SR200,200_.jpg",Smartphone,Apple iPhone 8 Plus 256GB color gris. AT&T pre-pago ,3
299,"https://images-na.ssl-images-amazon.com/images/I/51z00fPJbML._AC_UL200_SR200,200_.jpg",Lanix,"Ilium M5 Smartphone 5.5"", Ilium M5 16 GB, Color Gris. Telcel/Desbloqueado ",3
300,"https://images-na.ssl-images-amazon.com/images/I/31dL24WgS1L._AC_UL200_SR200,200_.jpg",Smartphone,"Samsung Galaxy S8, color plateado. Telcel pre-pago ",3
301,"https://images-na.ssl-images-amazon.com/images/I/61Y%2BNMuv05L._AC_UL200_SR200,200_.jpg",Apple,Smartphone iPhone XS MAX Gris Espacial - 256GB - Telcel Prepago ,3
302,"https://images-na.ssl-images-amazon.com/images/I/51-XBLc15%2BL._AC_UL200_SR200,200_.jpg",Smartphone,Apple iPhone 8 Plus 64GB color plata. AT&T pre-pago ,3
303,"https://images-na.ssl-images-amazon.com/images/I/41r3sMIcnwL._AC_UL200_SR200,200_.jpg",Hisense,Smartphone L675 Pro Gris AT&T pre-Pago ,3
304,"https://images-na.ssl-images-amazon.com/images/I/81wxIgEOKcL._AC_UL200_SR200,200_.jpg",Smartphone,"Apple iPhone 8 Plus 256GB, Color Plata, AT&T Prepago ",3
305,"https://images-na.ssl-images-amazon.com/images/I/31UVp4vcxAL._AC_UL200_SR200,200_.jpg",SAMSUNG,"SM-G9600 Smartphone Galaxy 5.8"", Color Gris. AT&T/Prepago ",3
306,"https://images-na.ssl-images-amazon.com/images/I/61rkf8Eq6fL._AC_UL200_SR200,200_.jpg",Alcatel,"ALC5033 Alc5033 Equipo 5033A LTE, Rosa ",3
307,"https://images-na.ssl-images-amazon.com/images/I/31Pvw14nx1L._AC_UL200_SR200,200_.jpg",Apple,"iPhone 7 plus 32 GB, rosa dorado ",3
308,"https://images-na.ssl-images-amazon.com/images/I/81NvX%2BgrHWL._AC_UL200_SR200,200_.jpg",Apple,iPhone 6 - Smartphone ,3
309,"https://images-na.ssl-images-amazon.com/images/I/41bLA6x5JgL._AC_UL200_SR200,200_.jpg",Hisense,Smartphone U963 Rosa AT&T pre-Pago ,3
310,"https://images-na.ssl-images-amazon.com/images/I/51PVVDM9x6L._AC_UL200_SR200,200_.jpg",Smartphone,"Apple iPhone 7 128 GB, dorado. Telcel pre-pago ",3
311,"https://images-na.ssl-images-amazon.com/images/I/61kSwEUN-LL._AC_UL200_SR200,200_.jpg",Apple,Smartphone iPhone XS MAX Oro - 64GB - Telcel Prepago ,3
312,"https://images-na.ssl-images-amazon.com/images/I/61fTLHIaW%2BL._AC_UL200_SR200,200_.jpg",Samsung-,Smartphone Galaxy A 30 32 GB Negro ,3
313,"https://images-na.ssl-images-amazon.com/images/I/61ezYB5jJWL._AC_UL200_SR200,200_.jpg",Apple,Smartphone iPhone XS Oro - 512GB - Telcel Prepago ,3
314,"https://images-na.ssl-images-amazon.com/images/I/41xXVO6N81L._AC_UL200_SR200,200_.jpg",motorola,Smartphone Moto Z2 Play xt171006 Gris AT&T pre-Pago ,3
315,"https://images-na.ssl-images-amazon.com/images/I/41IORsv4DBL._AC_UL200_SR200,200_.jpg",motorola,Smartphone Moto C xt1756 Negro AT&T pre-Pago ,3
316,"https://images-na.ssl-images-amazon.com/images/I/31NTwK91paL._AC_UL200_SR200,200_.jpg",Smartphone,Apple iPhone 8 256GB color plata. AT&T pre-pago ,3
317,"https://images-na.ssl-images-amazon.com/images/I/41ZYRUWMtIL._AC_UL200_SR200,200_.jpg",Hisense,Smartphone L675 Pro Plata AT&T pre-Pago ,3
318,"https://images-na.ssl-images-amazon.com/images/I/411uxEX4PCL._AC_UL200_SR200,200_.jpg",HUAWEI,Smartphone P10 Lite Azul AT&T pre-Pago ,3
319,"https://images-na.ssl-images-amazon.com/images/I/411te0WVwBL._AC_UL200_SR200,200_.jpg",Samsung,Smartphone Grand Prime Plus smg532m Dorado AT&T pre-Pago ,3
320,"https://images-na.ssl-images-amazon.com/images/I/61NhKRmmfBL._AC_UL200_SR200,200_.jpg",Apple,Smartphone iPhone XS Plata - 256GB - Telcel Prepago ,3
321,"https://images-na.ssl-images-amazon.com/images/I/51xHLxgGgkL._AC_UL200_SR200,200_.jpg",Smartphone,"Apple iPhone 7 128 GB, plateado. Telcel pre-pago  ",3
